<?xml version="1.0" encoding="UTF-8"?> 
<beans 
 xmlns="http://www.springframework.org/schema/beans" 
 xmlns:xsi="http://www.w3.org/2001/XMLSchema-instance" 
 xmlns:p="http://www.springframework.org/schema/p" 
 xsi:schemaLocation="http://www.springframework.org/schema/beans 
 http://www.springframework.org/schema/beans/spring-beans-3.0.xsd"> 
 

<bean id="bill" class="com.mybank.bank.BillCalculator">
<constructor-arg name="units" value="100" type="int"></constructor-arg>
<constructor-arg name="tax" value="0.18" type="double"></constructor-arg>
<constructor-arg name="unitPrice" value="10.0 " type="double"></constructor-arg>
</bean>
</beans>